created_at,full_text
2024-11-18,infokan cuaca leh aku meh bali ng makot seko jogja. tengs
2024-11-18,Jogja kota sedang hujan enaknya ngewe cok cuaca gini tuh. Abis ngewe cuddle sampe bobo. Bangun malem langsung abis itu cari makan malam. Bah enak anjg.
2024-11-18,Joh info cuaca area jogja sore ini
2024-11-18,bjir lah aku benci sangat cuaca jogja
2024-11-18,Meriang sebab cuaca berubah-ubah jadi pengaruh Semoga lekas sembuh .
2024-11-18,Area Jogja terang Magelang Udan Badai. Cen cuaca tidak seneng kui ro banner e luthfi pengen digawe kebur
2024-11-18,Info cuaca Jogja dong bolo
2024-11-18,Prakiraan Cuaca Jateng dan Jatim Hari Ini: Hujan dan Petir Siang Hingga Malam     UGPen UGPen UGPenaiB
2024-11-18,cuaca jogja gajelas anjir masa ugm hujan deras di rumahku panas??
2024-11-18,Senin 1 1 November 2 2 20 20 Kunjungan Mahasiswa Polbangtan Yogyakarta sebanyak 3 3 orang untuk belajar alat ukur parameter cuaca/iklim.      qmSgqa qmSg qmSgqaZT
2024-11-18,Waspadai Potensi Cuaca Ekstrem di Jateng 1 1-2 2 November Terutama di Wilayah Berikut Ini    mQoL6 Yg mQoL6 mQoL6 YgR
2024-11-18,hari ini kek lemes sangat didukung cuaca jogja seharian hujan jadi lah bermalas bermalasan di kamar doang
2024-11-17,Pagiiiii berasa sampe sini ademnya cuaca Jogja
2024-11-17,Lu pikir lu doang yg sakit???? Badan gw jg lgi gk enak bjirrr. Cuaca jogja lagi gaje
2024-11-17,BRRRR dingin inilah cuaca jogja yg aku sukai
2024-11-17,anj sangat emng cuaca jogja
2024-11-17,Ndes yang sudah pernah berkelana di jogja kira kira tempat mana aja yang perlu dikunjungi ketika liburan dijogja? Dan untuk cuaca di jogja akhir akhir ini bagaimana? Thx ndes
2024-11-17,info cuaca jogja?
2024-11-16,Malam minggu cuaca syahdu pantauan dari gondosuli 2 2 A daerah kamu bagaimana? Cerita sini ke Revino sambil rikues lagu tahun 9 9 an. WhatsApp:  YvkcgceaK Streaming :  NgzSKcE NgzSKc0 E NgzSKc0 E   MhNYuR MhNYu MhNYuRkP
2024-11-16,cuaca jogja malam ini cukup bersahabat  SKVrpiuBC
2024-11-16,Dua hari wisata di jogja alhamdulillah pas cuaca panas jadi semua bisa terlaksana dgn baik. Termasuk trip vw borobudur yg aku udh booking juga bs terlaksana. Pdhl udh aku disclaimer ke ownernya klo mendung bakal tak cancel Hari ini jebule jogja hujan angin ya
2024-11-16,knosih cuaca jogja semoody itu tadi aku masih kepanasan buanget kipas kipas sekarang tbtb badai
2024-11-16,mendengarkan  sambil berdiri di ramainya krl jogja solo dengan cuaca yg mendung mendung syahdu bruh
2024-11-16,cuaca terkini jogja bagian sleman : udan lek
2024-11-16,info cuaca Jogja hujan deres sekali  lebih baik ngiyup dulu. ini Arah Pakuwon  pREAQP pREAQP pREAQPGa
2024-11-15,Jogja dr Senin sampai siang td panas cuaca gerah tidur gag pke kaos bangun bangun udah idung meler buntet meler buntet.
2024-11-15,Info cuaca jogja moots ‍↕️
2024-11-15,cuaca Jogja yang tidak menentu nyiksa banget cuu
2024-11-14,Tapi keren lho cuaca dingin malah santuy sendal biasa baju biasa.hebat tidak hippo
2024-11-14,kenapa ini mas zak 2 hari jogja tanpa hujan dan cuaca cenderung panas seperti menguap?
2024-11-14,Info cuaca jogja kota sore ini dong
2024-11-14,Kek 5 menit yang lalu itu panas terik membakar terus tibatiba sekarang ujan Serandom itu cuaca di jogja
2024-11-14,cuaca jogja lebih labil drpd mood cewe pms
2024-11-13,Sore teman hari ini aku g ngapa-ngapain. Cuaca di Jogja sama mendung dan tidak hujan. Sangat mendukung sekali untuk tidur sebenarnya aku ingin tidur tapi tidak bisa Kamu ada kegiatan apa aja setelah ini? Jgn lupa makan n minum air putih y semangat menjalani sisa hari ini
2024-11-13,Cuaca Jogja bikin sange banget
2024-11-13,Swegerr pas sama cuaca    QZzRZ 6 QZzRZj 6 QZzRZ 6 QZzRZjE
2024-11-13,Masuk Musim Penghujan Warga DIY Diminta Waspadai Cuaca Ekstrem  DHkEeeTR DHkEeeTR
2024-11-10,enak banget cuaca jogja sore ini tidak hujan dan tidak panas️  stotYgjP 7 stotYgjP
2024-11-10,Ini tidak salty tapi beneran my pray from my heart mungkin emang jas hujan yang udah 3 tahun ku pake itu bukan rezeki ku aku tau gimana struggle nya tanpa jas hujan di cuaca jogja yang karep e dewe ini wkwkw
2024-11-10,ingfo cuaca di jogja dong okta
2024-11-10,maaf juga baru ngasih kabar pokoknya sehat sehat ya semuanya cuaca disini lagi hujan terus jangan lupa selalu bawa jas hujannya jangan minum es jaga kesehatan ya ⭐️ insert [Sesuatu di Jogja by Adhitia Sofyan] ️  plrVTBpJF
2024-11-10,Cuaca Jogja Selatan yg mendung cenut-cenut.
2024-11-10,leh info cuaca dong dari jogja mau ke magelang kota niii thankzz
2024-11-09,Syahdu si bus dari jogja ke sragen cuaca hujan di temenin sebotol beer dan american Football.
2024-11-09,Prospek Cuaca 3 harian 9-1 1 November 2 2 20 20 di wilayah di.I. Yogyakarta. Waspada juga adanya potensi Cuaca Ekstrim berupa hujan lebat angin kencang &amp; petir.   UyJVkzSLs
2024-11-09,Kaka Kaka disini ada yang lagi tinggal di jogja? Cuaca mendung ujannya dimulai dari jam berapa biasanya?
2024-11-09,Sampe di jogja di sambut cuaca yg kademen
2024-11-09,stay safe ka nayy ️ cuaca jogja emg random sangat akhir akhir ini tiba tiba panas tiba tiba hujan
2024-11-09,Lah inilah Jogja kak Aina saya aja yang warlok gedeg ama cuaca di provinsi ini
2024-11-09,cuaca jogja labil banget dah tadi hujan terus di tengah tengah jalan TIBA TIBA PANAS ???
2024-11-09,info cuaca jogja dong area ugm hujan gk ya?
2024-11-09,random sangat ya cuaca jogja ini tadi ujan deresss btul skarang panasss mentereng
2024-11-09,Kenapa sih cuaca di jogja ni random banget. Tadi sepanas itu lo kek neraka mo bocor pas udah siap siap mau keluar malah ujan badai
2024-11-09,Pekan depan Jogja akan terasa sangat gerah dan panas. Selasa s.di Jumat 1 1-1 1 Nov. Jarang ada peringatan cuaca semacam ini di Jogja. Sepertinya tak boleh diabaikan untuk persiapan bagi yang beraktivitas outdoor. Boleh diberikan penjelasannya   ya.  Yr8 PQy Yr8 Yr8 PQyTd
2024-11-09,Atur dah suka suka ni cuaca mau gimana emang jogja nih tiap lampu merah beda langit nya njir
2024-11-08,info cuaca jogja dan sekitarnya hujan apa engga yaa?
2024-11-08,pdhl dr awal maain twit tu aku jarang ngirim mf ke base lo. kecuali nannya cuaca jogja kota krn jaman dlu kuliah laju dr KP-jakal selain itu tidak pernah ngirim apa krn emang tidak kepikiran aja mau ngirim apa anehhh rang orang yg menuduh ni
2024-11-08,Info cuaca jogja ? Mau main pagi ini
2024-11-08,emg cuaca jogja akhir ini kaya perempuan pms ajg labil sangat
2024-11-08,info cuaca jogja dong?
2024-11-07,Si jarang banget sakit akhirnya tumbang juga menyerah dengan cuaca jogja
2024-11-07,Malam jumat + cuaca mendukung @ jogja Kalau tempat kamu gimana?
2024-11-07,Wanjeng hujan deras lagi bener bener mental gw di pecundangi cuaca Jogja
2024-11-07,ini cuaca Jogja labil sangat ya tadi gerimis terus mendung doang
2024-11-07,Sebaran Curah Hujan Harian di Wilayah di.I Yogyakarta tanggal 7 November 2 2 20 20.     Update Informasi Cuaca DIY di Instagram &amp; Facebook Stasiun Meteorologi Yogyakarta   RqCmc RqC RqCmcYKl
2024-11-06,Prakiraan Cuaca Semarang dan Surabaya Siang Hingga Malam 6 Oktober 2 2 20 20     UrztskDYG
2024-11-06,rekomenin tempat wisata/makanan di jogja dong pertengahan buldep agenda touring kesana kurleb 3 hari akomodasinya masih abu² tergantung cuaca
2024-11-06,tiap sudut jogja beda cuaca ya ternyata
2024-11-06,Cuaca jogja mendukung buat cuddle tapi masuk banyak ya
2024-11-06,fuck sakit sangat cok cuaca jogja bgst bat
2024-11-06,Antisipasi Cuaca Ekstrem di Jogja Daop 6 Petakan Daerah Rawan Bencana  meQNpuVw meQNpuVw
2024-11-06,info cuaca jogja lur ngko bengi meh rono aku
2024-11-06,*Semangat Pagi* Harian Jogja Edisi Rabu (6/1 1/2 2 20 20) mengenai Cuaca Ekstrem Pengaruhi Proyek Strategis Nasional Selengkapnya dapat dibaca melalui  CkKvdwNze  bKzXlhCqs
2024-11-06,cuaca jogja lagi enak nya ngewe
2024-11-05,Update cuaca pagi ini di daerah kamu bagaimana? Cerita sini sambil rikues ditemani Ari Asyhari &amp; Saras Adelia di  WhatsApp:  YvkcgcM Yvkcg YvkcgcMi Streaming:  NgzSKcbRH   MHSiHQMiS
2024-11-01,kali ini dapet pisang goreng dari bu kostt. masih panasss cocok dengan cuaca Jogja yang lagi dingin  JTdGXuEHH
2024-11-01,info cuaca jogja?
2024-11-01,Cuaca hr ini adlh utk cuddle kruntelan n indomie  PkCW0 r PkCW0 PkCW0 rTg
2024-11-01,dimakann siang siang pas cuaca terik mntepp bngt
2024-11-01,Info cuaca klaten kota ges dr delanggu mau ke jogja nih
2024-11-01,gw takut lu terbang pas nyampe gunkid stay safe ya semoga tidak kapok dgn cuaca jogja yang kadang kiding ini
2024-11-01,yess yesss come here musim hujan aku dah muak dengan cuaca panas jogja ini
2024-11-01,Info cuaca sekitar Jogja kota dong friends
2024-11-01,gitu kah tapi cuaca jogja belakangan ini mendukung hainan eh anget anget
2024-11-01,cuaca jogja gajelas sangat nyet basah kuyup gua
2024-10-31,Prakiraan Cuaca Jogja dan Sekitarnya Jumat 1 November 2 2 20 20: DIY Hujan Ringan  BvoHUU B BvoHUUWu     AorGrdyeA
2024-10-31,Waspadai Peningkatan Curah Hujan dan Cuaca Esktrem di Jateng      jjztwRlMj
2024-10-31,Kapan Cuaca Panas Terik di Indonesia Berakhir? Ini Kata BMKG  ondMwGXKy via
2024-10-31,mutual aku yg tinggal di jogja tolong infokan cuaca jogja dari hari senin kemarin sampai sekarang karna aku hari minggu mau ke jogja wkwk karna kalau panas aku tidak jadi masukin baju yg bahannya tebel
2024-10-31,Prakiraan Cuaca Hari Ini: Sebagian Besar Wilayah Indonesia Dilanda Hujan Termasuk DIY
2024-10-30,Rabu 3 3 oktober jogja siangnya hujan deras sampe sore sorenya sempet berhenti terus terang.jam 2 2:1 1 hujan mulai turun lagi rintik syahdu Semoga esok harinya cuaca cerah biar sama kaya harapan.kalo tidak cerah cuaca tidak cerah harapan harap sadar diri
2024-10-30,kadang bule kadang daegu sangat kadang jg kaya warlok jogja tergantung cuaca kayanya  vdvkSr vdvk vdvkSrRb
2024-10-30,agak lain emang cuaca jogja
2024-10-30,Prakiraan Cuaca Jogja dan Sekitarnya Kamis 3 3 Oktober 2 2 20 20: DIY Hujan Ringan  NAyPSkoqJ     xNC 6 xNCS 6 xNC 6 xNCSbzN
2024-10-30,Perjalanan Aman di Segala Cuaca Cek Jadwal KRL Solo-Jogja Hari Ini  cROOkMuBn  iegooNV iegooNV iegooNVE
2024-10-27,info cuaca jogja?
2024-10-27,Aku udah duluan ke Jogja minggu lalu Makan yang bikin kenyang sekalian nape si  Gimana cuaca dan suasana disana? Have fun terus yaa walaupun kurang tidur balas dendam nanti kalo udah balik Tipsal ke semua yang tampil nanti
2024-10-26,. dengan cuaca sepanas jogja
2024-10-26,Prakiraan Cuaca Jogja dan Sekitarnya Minggu 2 2 Oktober 2 2 20 20: DIY Berawan  IaWzrxEED     onDUMmERd
2024-10-26,Cuaca dingin kotanya tidak rame biaya hidup murah ke jogja deket jkt deket surabaya jg deket.
2024-10-26,Bagi orang jogja cuaca disini tu panass tapi bagi sodara gw orang sby cuacanya tu dingin bahkan mereka stay pake hoodie dari siang ampe sore tanpa ngeluh kepanasan
2024-10-25,Cuaca di Jogja dan Sekitarnya Dominan Cerah Berawan Sepanjang Hari pada Sabtu 2 2 Oktober 2 2 20 20  tewJBo tewJBo tewJBoIK     i Nx4 iGqK Nx4 i Nx4 iGqKq
2024-10-25,Cuaca jogja pas hujan pun agak gerah
2024-10-25,ugm_fess mutualan yuk! sender cewek fib 2 2 akunnya campur-campur kadang ngomongin anime j-pop makanan buku sambat soal skripsi dan cuaca jogja. leave a trace yaa! &gt;____&lt;
2024-10-25,rilll jogja klo ujan emg gituu beda lampu merah beda cuaca
2024-10-24,Prakiraan Cuaca Wilayah DIY Jumat 2 2 Oktober 2 2 20 20 Cerah Berawan Sepanjang Hari  fTcyjI 4 fTcyjI 4 fTcyjI 4 fTcyjIQ     RwBZjoJ RwBZj RwBZjoJf
2024-10-24,Selasa 2 2 Oktober 2 2 20 20 Kunjungan mahasiswa/mahasiswi Fakultas Pertanian UGM sebanyak 3 3 orang untuk mempelajari alat ukur parameter cuaca/iklim.      mFlJXAqHM
2024-10-24,Rabu 2 2 Oktober 2 2 20 20 Kunjungan mahasiswa/mahasiswi Fakultas Pertanian UGM sebanyak 2 2 orang untuk mempelajari alat ukur parameter cuaca/iklim.      fZxW fZx fZxWjCOv
2024-10-24,Kamis 2 2 Oktober 2 2 20 20 Kunjungan siswa-siswi TK Budi Mulia 2 sebanyak 1 1 1 anak untuk belajar alat ukur parameter cuaca/iklim.      XxBLxNPem
2024-10-24,Sobat iklim Yogya.marilah kita persiapkan menghadapi cuaca ekstrem saat masa pancaroba di musim kemarau ke musim hujan
2024-10-23,Cocok untuk Beraktivitas Cuaca di Jogja dan Sekitarnya Cerah Berawan Sepanjang Hari pada kamis 2 2 Oktober 2 2 20 20  Dpc D4 pcfvnu D4 pcfvnu     dEw56 J 7 dEw56 J 7 dEw56 J 7 dEw56 JE
2024-10-23,ldr an terpisah 2 ringroad ini sungguh menyiksa aaaaa. apalagi dengan kemageran yang dipicu cuaca yang tak menentu dan traffic jogja yang crowded gara gara eksploitasi turisme itu hhhhhhh
2024-10-22,Cuaca sore ini paling cocok dengenrin lagu apa? Taruh playliat Anda disini!  Streaming :  KXQNQMGhL  CTQsJWAdA
2024-10-22,Cuaca DIY Berawan Sepanjang Hari pada Rabu 2 2 Oktober 2 2 20 20
2024-10-22,Hari-hari di Jogja tuh seru banget. Banyak cerita lucunya banyak makanan enak ketemu temen lama cuaca baik pantai bagus. Mantap banget hidup.
2024-10-22,Selasa 2 2 Oktober 2 2 20 20 Kunjungan Mahasiswa Fakultas Pertanian UGM sebanyak 3 3 orang untuk belajar alat ukur parameter cuaca/iklim.      Bl 4 BlKSvjzF
2024-10-22,Sebaran Curah Hujan Harian di Wilayah di.I Yogyakarta tanggal 2 2 Oktober 2 2 20 20.     Update Informasi Cuaca DIY di Instagram &amp; Facebook Stasiun Meteorologi Yogyakarta   LP5 s95 LP5 s95 LP5 s95 LP5 BW
2024-10-22,cuaca jogja lagi enak banget buat nemenin gawe
2024-10-22,cuaca jogja gajelas banget
2024-10-22,sblm brgkt gaenak badan balik dr jogja jg lgsg gaenak badan lagi ini cuaca jkt lagi kenape sih anjr
2024-10-21,Cuaca yg mendukung Hari ini ready ya No DP cocok lanjut gk cocok bisa cancel Lokasi tugu jogja WA : 081460171 081460171 0814601710 0814601710
2024-10-21,BMKG Prediksi Cuaca di Jogja dan Sekitarnya Cerah Berawan Sepanjang Hari Ini Selasa 2 2 Oktober 2 2 20 20  e 4 eUHnEcee     hFiuSIEIX
2024-10-21,Cuaca panas ekstrem bikin warganet di X ramai-ramai mengeluh. BMKG menjelaskan kalau panas ini terjadi karena cuaca cerah tanpa awan yang bikin matahari terik langsung menyinari kita sepanjang hari. Apa sih tips kamu buat lawan cuaca ekstrem ini?  ZOFOCI ZOFOC ZOFOCIow
2024-10-21,BMKG Perkirakan Cuaca di DIY Didominasi Hujan Disertai Petir  MahdkIBxA
2024-10-21,kan enak kalo cuaca jogja kembali adem banget gini
2024-10-21,Sebaran Curah Hujan Harian di Wilayah di.I Yogyakarta tanggal 2 2 Oktober 2 2 20 20.     Update Informasi Cuaca DIY di Instagram &amp; Facebook Stasiun Meteorologi Yogyakarta
2024-10-21,leh info cuaca magelang ke jogja dong
2024-10-21,Keknya cuaca juga sih mass dari jogja tu udah ujan. Naik juga masih rintikkk kesorean pula
2024-10-21,duh mana cuaca di jogja lagi enak-enaknya buat dipake tidur
2024-10-21,perubahan cuaca Jogja yang sangat drastis memang
2024-10-20,TVRINEWS YOGYAKARTA - Gelombang tinggi dan cuaca yang sedang tidak bersahabat di laut selatan Daerah Istimewa Yogyakarta beberapa hari terakhir ini membuat para nelayan di Pesisir Bantul enggan melaut dan memilih libur sementara. Memanfaatkan waktu selama libur sebagian
2024-10-20,BMKG Prediksi Cuaca Wilayah DIY Hari Ini Senin 2 2 Oktober 2 2 20 20 Hujan Ringan  tgSbrdNG tgSbrdNG     yMeUjDnmW
2024-10-20,Bjiiir berjibaku dengan mbakmbak demi Batagor enak di cuaca Jakal atas yang Sejuk iniiiiiii woooiii. Jogja  kyywdLhEA
2024-10-20,Cuaca dengan cepatnya berubah tp semoga besok tidak ujan dulu yaa mendung aja yaaa jogja tercintaaa
2024-10-20,Info cuaca Jogja malam ini dong kawan apakah hujan atau tidak dong pun?
2024-10-20,Enak sangat cuaca jogja hari hariii. Hujan berhenti jadi gerimis kecik jam 1 1 an makan soto pak yanto muterin sunmor yang udah pada ngangkut balik kos tidurr berselimut HAHAHAHAHA Bangun-bangun laper mandi dan siap untuk makan lagi. Period mood yang sangat wow
2024-10-20,Cuaca panas di Jogja bikin haus? Yuk coba Es Buah PK! Sejak 1 1 19 19 warung es buah ini jadi favorit semua orang terutama saat terik. Lokasi di Jalan Pakuningratan Jetis kamu bisa nikmati kesegaran es buah yg menyejukkan. Siapa yg sudah pernah ke sini?
2024-10-20,Cuaca Jogja sore ini cocok buat sepedaan
2024-10-20,Dengan cuaca jogja hari ini Biar smakin membara  JZThMvxY JZThMvxY
2024-10-20,Laporan cuaca hari ini. Jogja terlihat mendung
2024-10-20,Jogja beberapa hari ini mulai dingin cuacanya. Gw sebagai orang yg tidak kuat cuaca dingin (karena air pun jadi dingin) jadi agak males mandi kl tidak ada air hangat gini
2024-10-20,cuaca jogja hari ini enak sangat sjsksks
2024-10-20,Cuaca jogja hari ini mendukung bgtt buat males malesan di hari minggu
2024-10-20,Cuaca jogja bikin pengen berkembang biak
2024-10-20,Enak banget wak cuaca jogja siang ini
2024-10-20,coba aja tiap hari cuaca jogja kek gini.  V EvWFZ3 V EvWFZ3 V EvWFZ3 VW
2024-10-20,Cuaca Yogyakarta hari ini cukup bervariasi! Pagi bakal hujan sedang tapi siang sampai malam cerah berawan. Jangan lupa payung pagi hari dan sunblock pas siang. Buat besok cerah berawan sepanjang hari cocok banget buat aktivitas outdoor!  etJrzWCuj
2024-10-20,Cuaca jogja sedang syahdu jadi kangen bandung
2024-10-20,Cuaca jogja hari ini sangat tidak bersahabat buat yang belum menikah .
2024-10-20,Jogja 2 2 Oktober 2 2 20 20 Cuaca mendung hujan gerimis agak deras semoga membawa berkah
2024-10-20,Cuaca jogja enak banget buat mager mageran
2024-10-20,Sebaran Curah Hujan Harian di Wilayah di.I Yogyakarta tanggal 2 2 Oktober 2 2 20 20.     Update Informasi Cuaca DIY di Instagram &amp; Facebook Stasiun Meteorologi Yogyakarta   PdIOVDSop
